Workbook

Sheet Tableau
A1: 1 borne bobine émettrice (u) 2 borne résistance émettrice (U2) 3 borne résistance réceptrice (U1) | B1: 50 khz | E1: 60 khz | H1: 70 khz | K1: 75 khz | N1: 80 khz | Q1: 85 khz | T1: 90 khz | W1: 95 khz | Z1: 100 khz | AC1: 110 khz | AF1: 120 khz | AI1: 130 khz | AL1: 140 khz | AO1: 145 khz | AR1: 150 khz | AU1: 155 khz | AX1: 160 khz
A2: T(*100000000) | B2: U | C2: U2 | D2: U1 | E2: U | F2: U2 | G2: U1 | H2: U | I2: U2 | J2: U1 | K2: U | L2: U2 | M2: U1 | N2: U | O2: U2 | P2: U1 | Q2: U | R2: U2 | S2: U1 | T2: U | U2: U2 | V2: U1 | W2: U | X2: U2 | Y2: U1 | Z2: U | AA2: U2 | AB2: U1 | AC2: U | AD2: U2 | AE2: U1 | AF2: U | AG2: U2 | AH2: U1 | AI2: U | AJ2: U2 | AK2: U1 | AL2: U | AM2: U2 | AN2: U1 | AO2: U | AP2: U2 | AQ2: U1 | AR2: U | AS2: U2 | AT2: U1 | AU2: U | AV2: U2 | AW2: U1 | AX2: U | AY2: U2 | AZ2: U1
A3: 0 | B3: -6.93271 | C3: 1.95995 | D3: -0.557794 | E3: 9.87068 | F3: -0.839322 | G3: 1.12177 | H3: -10.6754 | I3: 0.379721 | J3: -1.24811 | K3: 3.25956 | L3: 1.13138 | M3: 1.81209 | N3: 10.7372 | O3: -0.25658 | P3: 1.04532 | Q3: 4.34859 | R3: 0.709773 | S3: 2.17235 | T3: -2.17006 | U3: -0.586633 | V3: -2.11467 | W3: -4.45571 | X3: -0.371481 | Y3: -2.3138 | Z3: -5.09201 | AA3: -0.218128 | AB3: -2.30648 | AC3: -10.3838 | AD3: -0.0267796 | AE3: 0.546807 | AF3: -4.53994 | AG3: -0.325704 | AH3: 1.92699 | AI3: -2.28496 | AJ3: 0.609979 | AK3: -1.63905 | AL3: -10.5143 | AM3: 0.333944 | AN3: 0.0560769 | AO3: -3.99565 | AP3: 0.947356 | AQ3: -1.00229 | AR3: 9.84779 | AS3: -0.571069 | AT3: -0.00572213 | AU3: -7.42344 | AV3: -0.92401 | AW3: 1.2829 | AX3: 1.33463 | AY3: 1.33097 | AZ3: -1.05631
A4: 19.5 | B4: -7.439 | C4: 1.85237 | D4: -0.664912 | E4: 10.2309 | F4: -0.701534 | G4: 1.24445 | H4: -10.9286 | I4: 0.249714 | J4: -1.39368 | K4: 2.27031 | L4: 1.15427 | M4: 1.69718 | N4: 11.0211 | O4: -0.164569 | P4: 1.23713 | Q4: 3.23667 | R4: 0.732662 | S4: 2.0959 | T4: -0.927672 | U4: -0.571069 | V4: -2.0071 | W4: -3.22065 | X4: -0.387045 | Y4: -2.26802 | Z4: -3.82673 | AA4: -0.233692 | AB4: -2.32158 | AC4: -10.8672 | AD4: -0.0112154 | AE4: 0.247425 | AF4: -5.99702 | AG4: -0.302815 | AH4: 1.79698 | AI4: -0.528954 | AJ4: 0.609979 | AK4: -1.74662 | AL4: -9.69352 | AM4: 0.464408 | AN4: -0.212634 | AO4: -2.08583 | AP4: 0.993591 | AQ4: -1.18677 | AR4: 8.72808 | AS4: -0.747311 | AT4: 0.247425 | AU4: -8.8732 | AV4: -0.739986 | AW4: 1.22156 | AX4: 3.46693 | AY4: 1.26963 | AZ4: -1.14832
A5: 39 | B5: -7.92973 | C5: 1.72969 | D5: -0.756924 | E5: 10.5377 | F5: -0.563287 | G5: 1.35203 | H5: -11.1204 | I5: 0.142138 | J5: -1.52415 | K5: 1.24262 | L5: 1.17762 | M5: 1.56672 | N5: 11.1895 | O5: -0.0725566 | P5: 1.40558 | Q5: 2.10185 | R5: 0.748226 | S5: 1.98833 | T5: 0.291829 | U5: -0.578851 | V5: -1.86931 | W5: -1.95537 | X5: -0.394827 | Y5: -2.20668 | Z5: -2.50744 | AA5: -0.241474 | AB5: -2.28313 | AC5: -11.1817 | AD5: -0.0189975 | AE5: -0.0437171 | AF5: -7.34699 | AG5: -0.272145 | AH5: 1.63584 | AI5: 1.28107 | AJ5: 0.617762 | AK5: -1.80018 | AL5: -8.5816 | AM5: 0.594415 | AN5: -0.480888 | AO5: -0.107347 | AP5: 0.993591 | AQ5: -1.32456 | AR5: 7.28611 | AS5: -0.877775 | AT5: 0.485466 | AU5: -10.008 | AV5: -0.532616 | AW5: 1.11398 | AX5: 5.4683 | AY5: 1.16205 | AZ5: -1.19409
A6: 58.5 | B6: -8.38247 | C6: 1.59922 | D6: -0.856718 | E6: 10.783 | F6: -0.43328 | G6: 1.45914 | H6: -11.2124 | I6: 0.0194553 | J6: -1.63905 | K6: 0.222705 | L6: 1.18494 | M6: 1.40558 | N6: 11.2586 | O6: 0.0272374 | P6: 1.56672 | Q6: 0.943694 | R6: 0.763333 | S6: 1.86564 | T6: 1.53422 | U6: -0.586633 | V6: -1.70817 | W6: -0.636072 | X6: -0.402609 | Y6: -2.10689 | Z6: -1.15015 | AA6: -0.241474 | AB6: -2.22179 | AC6: -11.2582 | AD6: -0.00343328 | AE6: -0.350423 | AF6: -8.50515 | AG6: -0.22591 | AH6: 1.42847 | AI6: 3.02976 | AJ6: 0.594415 | AK6: -1.81529 | AL6: -7.22431 | AM6: 0.694209 | AN6: -0.726253 | AO6: 1.87938 | AP6: 0.970245 | AQ6: -1.42435 | AR6: 5.59098 | AS6: -1.00046 | AT6: 0.730831 | AU6: -10.7752 | AV6: -0.31014 | AW6: 0.960632 | AX6: 7.27054 | AY6: 1.00092 | AZ6: -1.17899
A7: 78 | B7: -8.81186 | C7: 1.47654 | D7: -0.964294 | E7: 10.9748 | F7: -0.287251 | G7: 1.53605 | H7: -11.2197 | I7: -0.103227 | J7: -1.73884 | K7: -0.827878 | L7: 1.17762 | M7: 1.2678 | N7: 11.228 | O7: 0.111467 | P7: 1.72007 | Q7: -0.23003 | R7: 0.763333 | S7: 1.72007 | T7: 2.74594 | U7: -0.571069 | V7: -1.52415 | W7: 0.667659 | X7: -0.409934 | Y7: -1.98421 | Z7: 0.237812 | AA7: -0.241474 | AB7: -2.12978 | AC7: -11.1662 | AD7: 0.00389105 | AE7: -0.642023 | AF7: -9.50217 | AG7: -0.187457 | AH7: 1.19867 | AI7: 4.70932 | AJ7: 0.548638 | AK7: -1.78462 | AL7: -5.64454 | AM7: 0.778897 | AN7: -0.964294 | AO7: 3.79652 | AP7: 0.924468 | AQ7: -1.46281 | AR7: 3.7274 | AS7: -1.07736 | AT7: 0.929961 | AU7: -11.1584 | AV7: -0.0803388 | AW7: 0.78439 | AX7: 8.78943 | AY7: 0.809567 | AZ7: -1.14832
A8: 97.5 | B8: -9.19501 | C8: 1.33875 | D8: -1.05631 | E8: 11.0902 | F8: -0.14168 | G8: 1.62028 | H8: -11.1511 | I8: -0.22591 | J8: -1.83085 | K8: -1.84825 | L8: 1.16205 | M8: 1.09888 | N8: 11.0824 | O8: 0.211261 | P8: 1.84276 | Q8: -1.38041 | R8: 0.778897 | S8: 1.58183 | T8: 3.93477 | U8: -0.532616 | V8: -1.32456 | W8: 1.97139 | X8: -0.409934 | Y8: -1.82307 | Z8: 1.60334 | AA8: -0.241474 | AB8: -2.0071 | AC8: -10.8595 | AD8: 0.0194553 | AE8: -0.925841 | AF8: -10.284 | AG8: -0.149462 | AH8: 0.945525 | AI8: 6.27352 | AJ8: 0.495079 | AK8: -1.70817 | AL8: -3.91875 | AM8: 0.832456 | AN8: -1.17121 | AO8: 5.60655 | AP8: 0.855344 | AQ8: -1.47791 | AR8: 1.74891 | AS8: -1.11582 | AT8: 1.09888 | AU8: -11.1277 | AV8: 0.165026 | AW8: 0.577478 | AX8: 9.97047 | AY8: 0.587091 | AZ8: -1.06363
A9: 117 | B9: -9.5864 | C9: 1.16983 | D9: -1.17899 | E9: 11.1588 | F9: -0.00343328 | G9: 1.69718 | H9: -10.9973 | I9: -0.34081 | J9: -1.91508 | K9: -2.84482 | L9: 1.13138 | M9: 0.914855 | N9: 10.8215 | O9: 0.295491 | P9: 1.95766 | Q9: -2.55367 | R9: 0.740444 | S9: 1.36713 | T9: 5.08515 | U9: -0.525292 | V9: -1.11765 | W9: 3.24445 | X9: -0.387045 | Y9: -1.63905 | Z9: 2.96063 | AA9: -0.233692 | AB9: -1.84596 | AC9: -10.3532 | AD9: 0.0194553 | AE9: -1.19409 | AF9: -10.8439 | AG9: -0.0954452 | AH9: 0.677272 | AI9: 7.69261 | AJ9: 0.441062 | AK9: -1.58549 | AL9: -2.06294 | AM9: 0.863127 | AN9: -1.33234 | AO9: 7.23987 | AP9: 0.732662 | AQ9: -1.43946 | AR9: -0.31426 | AS9: -1.13092 | AT9: 1.22934 | AU9: -10.7061 | AV9: 0.387503 | AW9: 0.355001 | AX9: 10.7757 | AY9: 0.333944 | AZ9: -0.902953
A10: 136.5 | B10: -9.86244 | C10: 1.05493 | D10: -1.22477 | E10: 11.1588 | F10: 0.134356 | G10: 1.77363 | H10: -10.7597 | I10: -0.456168 | J10: -1.97642 | K10: -3.83452 | L10: 1.0856 | M10: 0.738613 | N10: 10.4763 | O10: 0.387503 | P10: 2.04967 | Q10: -3.67338 | R10: 0.701991 | S10: 1.168 | T10: 6.17418 | U10: -0.471275 | V10: -0.887388 | W10: 4.47906 | X10: -0.379263 | Y10: -1.44724 | Z10: 4.27214 | AA10: -0.22591 | AB10: -1.65461 | AC10: -9.65553 | AD10: 0.0423438 | AE10: -1.42435 | AF10: -11.1662 | AG10: -0.041886 | AH10: 0.37789 | AI10: 8.89654 | AJ10: 0.372396 | AK10: -1.43214 | AL10: -0.153124 | AM10: 0.878233 | AN10: -1.46281 | AO10: 8.6434 | AP10: 0.609979 | AQ10: -1.35523 | AR10: -2.3312 | AS10: -1.09247 | AT10: 1.33646 | AU10: -9.90822 | AV10: 0.609979 | AW10: 0.109636 | AX10: 11.1437 | AY10: 0.0652323 | AZ10: -0.764706
A11: 156 | B11: -10.1691 | C11: 0.908904 | D11: -1.30945 | E11: 11.1131 | F11: 0.272602 | G11: 1.81987 | H11: -10.4452 | I11: -0.578851 | J11: -2.02266 | K11: -4.80087 | L11: 1.04715 | M11: 0.539025 | N11: 10.0163 | O11: 0.471733 | P11: 2.12657 | Q11: -4.7702 | R11: 0.671321 | S11: 0.960632 | T11: 7.16342 | U11: -0.440604 | V11: -0.642023 | W11: 5.66789 | X11: -0.34081 | Y11: -1.21744 | Z11: 5.52232 | AA11: -0.195239 | AB11: -1.46281 | AC11: -8.78119 | AD11: 0.0345617 | AE11: -1.63905 | AF11: -11.2582 | AG11: 0.0116732 | AH11: 0.0867475 | AI11: 9.87846 | AJ11: 0.272602 | AK11: -1.22477 | AL11: 1.77958 | AM11: 0.863127 | AN11: -1.54704 | AO11: 9.77867 | AP11: 0.464408 | AQ11: -1.23255 | AR11: -4.31746 | AS11: -1.03113 | AT11: 1.39048 | AU11: -8.74273 | AV11: 0.794003 | AW11: -0.128405 | AX11: 11.1053 | AY11: -0.195239 | AZ11: -0.557794
A12: 175.5 | B12: -10.4145 | C12: 0.75555 | D12: -1.3859 | E12: 10.9982 | F12: 0.418173 | G12: 1.86564 | H12: -10.062 | I12: -0.678645 | J12: -2.06844 | K12: -5.71321 | L12: 0.985809 | M12: 0.347219 | N12: 9.4564 | O12: 0.55642 | P12: 2.18013 | Q12: -5.813 | R12: 0.64065 | S12: 0.738613 | T12: 8.08354 | U12: -0.394827 | V12: -0.396658 | W12: 6.74136 | X12: -0.317922 | Y12: -0.9794 | Z12: 6.68002 | AA12: -0.195239 | AB12: -1.22477 | AC12: -7.74571 | AD12: 0.0501259 | AE12: -1.82307 | AF12: -11.1048 | AG12: 0.0652323 | AH12: -0.220417 | AI12: 10.599 | AJ12: 0.188373 | AK12: -0.994965 | AL12: 3.64317 | AM12: 0.809567 | AN12: -1.57771 | AO12: 10.599 | AP12: 0.295491 | AQ12: -1.05631 | AR12: -6.12749 | AS12: -0.939117 | AT12: 1.3827 | AU12: -7.25498 | AV12: 0.970245 | AW12: -0.37377 | AX12: 10.6452 | AY12: -0.456168 | AZ12: -0.343099
A13: 195 | B13: -10.6141 | C13: 0.602197 | D13: -1.43946 | E13: 10.8215 | F13: 0.571527 | G13: 1.91966 | H13: -9.59419 | I13: -0.785763 | J13: -2.07622 | K13: -6.57977 | L13: 0.93225 | M13: 0.155413 | N13: 8.8201 | O13: 0.625086 | P13: 2.22637 | Q13: -6.78714 | R13: 0.587091 | S13: 0.508354 | T13: 8.91211 | U13: -0.34081 | V13: -0.135729 | W13: 7.76905 | X13: -0.287251 | Y13: -0.734035 | Z13: 7.74617 | AA13: -0.172351 | AB13: -0.964294 | AC13: -6.57244 | AD13: 0.0501259 | AE13: -1.97642 | AF13: -10.7061 | AG13: 0.111467 | AH13: -0.519341 | AI13: 11.0668 | AJ13: 0.0807965 | AK13: -0.734035 | AL13: 5.39185 | AM13: 0.748226 | AN13: -1.58549 | AO13: 11.0824 | AP13: 0.119249 | AQ13: -0.856718 | AR13: -7.74571 | AS13: -0.793545 | AT13: 1.35981 | AU13: -5.5214 | AV13: 1.10071 | AW13: -0.596246 | AX13: 9.7631 | AY13: -0.701534 | AZ13: -0.11284
A14: 214.5 | B14: -10.7826 | C14: 0.441062 | D14: -1.51637 | E14: 10.5917 | F14: 0.686427 | G14: 1.93477 | H14: -9.05722 | I14: -0.877775 | J14: -2.084 | K14: -7.38544 | L14: 0.855344 | M14: -0.0514992 | N14: 8.07576 | O14: 0.686427 | P14: 2.22637 | Q14: -7.68437 | R14: 0.540856 | S14: 0.285878 | T14: 9.60197 | U14: -0.302815 | V14: 0.109636 | W14: 8.66629 | X14: -0.25658 | Y14: -0.473106 | Z14: 8.68963 | AA14: -0.156786 | AB14: -0.711147 | AC14: -5.28382 | AD14: 0.057908 | AE14: -2.11467 | AF14: -10.0849 | AG14: 0.172808 | AH14: -0.810941 | AI14: 11.2435 | AJ14: -0.0189975 | AK14: -0.465782 | AL14: 7.01007 | AM14: 0.671321 | AN14: -1.52415 | AO14: 11.228 | AP14: -0.0647745 | AQ14: -0.626917 | AR14: -9.103 | AS14: -0.647974 | AT14: 1.26001 | AU14: -3.58137 | AV14: 1.17762 | AW14: -0.818265 | AX14: 8.52071 | AY14: -0.908446 | AZ14: 0.109636
... A2050: 39916.5 | B2050: -4.47082 | C2050: 2.33532 | D2050: -0.105058 | E2050: 7.7924 | F2050: -1.34562 | G2050: 0.57748 | H2050: -8.73495 | I2050: 0.840238 | J2050: -0.565576 | K2050: 7.14054 | L2050: 0.924468 | M2050: 2.12657 | N2050: 8.43648 | O2050: -0.624628 | P2050: 0.155413 | Q2050: 8.40581 | R2050: 0.52575 | S2050: 2.26482 | T2050: -6.9556 | U2050: -0.479057 | V2050: -2.2987 | W2050: -8.86542 | X2050: -0.25658 | Y2050: -2.12978 | Z2050: -9.44816 | AA2050: -0.14168 | AB2050: -1.8922 | AC2050: -6.31151 | AD2050: -0.0725566 | AE2050: 1.63584 | AF2050: 2.38521 | AG2050: -0.356374 | AH2050: 1.981 | AI2050: -8.70428 | AJ2050: 0.418173 | AK2050: -0.78027 | AL2050: -10.453 | AM2050: -0.295033 | AN2050: 1.12177 | AO2050: -10.1156 | AP2050: 0.456626 | AQ2050: 0.0176242 | AR2050: 10.7601 | AS2050: 0.287709 | AT2050: -0.994965 | AU2050: 0.966583 | AV2050: -1.24582 | AW2050: 1.04532 | AX2050: -7.33921 | AY2050: 1.03159 | AZ2050: -0.273976

Sheet Feuille 10
B1: 50khz
B2: ei | C2: le reste | D2: Difference
B3: =(-Tableau!B3-Tableau!C3)*Tableau!C3/1000 -> 0.009746361 | C3: =1/1000*((Tableau!B3)^2+(Tableau!D3)^2)+'Puissance 0cm'!B3+'Puissance 0cm'!C3 -> 0.035096971 | D3: =B3-C3 -> -0.02535061
B4: =(-Tableau!B4-Tableau!C4)*Tableau!C4/1000 -> 0.010348506 | C4: =1/1000*((Tableau!B4)^2+(Tableau!D4)^2)+'Puissance 0cm'!B4+'Puissance 0cm'!C4 -> 0.042443157 | D4: =B4-C4 -> -0.032094651
B5: =(-Tableau!B5-Tableau!C5)*Tableau!C5/1000 -> 0.010724147 | C5: =1/1000*((Tableau!B5)^2+(Tableau!D5)^2)+'Puissance 0cm'!B5+'Puissance 0cm'!C5 -> 0.050310511 | D5: =B5-C5 -> -0.039586364
B6: =(-Tableau!B6-Tableau!C6)*Tableau!C6/1000 -> 0.010847909 | C6: =1/1000*((Tableau!B6)^2+(Tableau!D6)^2)+'Puissance 0cm'!B6+'Puissance 0cm'!C6 -> 0.058328321 | D6: =B6-C6 -> -0.047480412
B7: =(-Tableau!B7-Tableau!C7)*Tableau!C7/1000 -> 0.010830893 | C7: =1/1000*((Tableau!B7)^2+(Tableau!D7)^2)+'Puissance 0cm'!B7+'Puissance 0cm'!C7 -> 0.066497539 | D7: =B7-C7 -> -0.055666645
B8: =(-Tableau!B8-Tableau!C8)*Tableau!C8/1000 -> 0.010517568 | C8: =1/1000*((Tableau!B8)^2+(Tableau!D8)^2)+'Puissance 0cm'!B8+'Puissance 0cm'!C8 -> 0.074469971 | D8: =B8-C8 -> -0.063952403
B9: =(-Tableau!B9-Tableau!C9)*Tableau!C9/1000 -> 0.0098459561 | C9: =1/1000*((Tableau!B9)^2+(Tableau!D9)^2)+'Puissance 0cm'!B9+'Puissance 0cm'!C9 -> 0.083464641 | D9: =B9-C9 -> -0.073618685
B10: =(-Tableau!B10-Tableau!C10)*Tableau!C10/1000 -> 0.0092913065 | C10: =1/1000*((Tableau!B10)^2+(Tableau!D10)^2)+'Puissance 0cm'!B10+'Puissance 0cm'!C10 -> 0.089863662 | D10: =B10-C10 -> -0.080572356
B11: =(-Tableau!B11-Tableau!C11)*Tableau!C11/1000 -> 0.0084166292 | C11: =1/1000*((Tableau!B11)^2+(Tableau!D11)^2)+'Puissance 0cm'!B11+'Puissance 0cm'!C11 -> 0.097597178 | D11: =B11-C11 -> -0.089180549
B12: =(-Tableau!B12-Tableau!C12)*Tableau!C12/1000 -> 0.0072978197 | C12: =1/1000*((Tableau!B12)^2+(Tableau!D12)^2)+'Puissance 0cm'!B12+'Puissance 0cm'!C12 -> 0.10443457 | D12: =B12-C12 -> -0.097136753
B13: =(-Tableau!B13-Tableau!C13)*Tableau!C13/1000 -> 0.006029138 | C13: =1/1000*((Tableau!B13)^2+(Tableau!D13)^2)+'Puissance 0cm'!B13+'Puissance 0cm'!C13 -> 0.11041143 | D13: =B13-C13 -> -0.10438229
B14: =(-Tableau!B14-Tableau!C14)*Tableau!C14/1000 -> 0.0045612594 | C14: =1/1000*((Tableau!B14)^2+(Tableau!D14)^2)+'Puissance 0cm'!B14+'Puissance 0cm'!C14 -> 0.11610742 | D14: =B14-C14 -> -0.11154616
... B906: =(-Tableau!B906-Tableau!C906)*Tableau!C906/1000 -> -0.018436872 | C906: =1/1000*((Tableau!B906)^2+(Tableau!D906)^2)+'Puissance 0cm'!B906+'Puissance 0cm'!C906 -> 0.050932359 | D906: =B906-C906 -> -0.069369231
C907: =1/1000*((Tableau!B907)^2+(Tableau!D907)^2)+'Puissance 0cm'!B907+'Puissance 0cm'!C907 -> 0.043317537 | D907: =B907-C907 -> -0.043317537
C908: =1/1000*((Tableau!B908)^2+(Tableau!D908)^2)+'Puissance 0cm'!B908+'Puissance 0cm'!C908 -> 0.035629687 | D908: =B908-C908 -> -0.035629687
C909: =1/1000*((Tableau!B909)^2+(Tableau!D909)^2)+'Puissance 0cm'!B909+'Puissance 0cm'!C909 -> 0.028587154 | D909: =B909-C909 -> -0.028587154
C910: =1/1000*((Tableau!B910)^2+(Tableau!D910)^2)+'Puissance 0cm'!B910+'Puissance 0cm'!C910 -> 0.022115367 | D910: =B910-C910 -> -0.022115367
C911: =1/1000*((Tableau!B911)^2+(Tableau!D911)^2)+'Puissance 0cm'!B911+'Puissance 0cm'!C911 -> 0.016362761 | D911: =B911-C911 -> -0.016362761
C912: =1/1000*((Tableau!B912)^2+(Tableau!D912)^2)+'Puissance 0cm'!B912+'Puissance 0cm'!C912 -> 0.011100648 | D912: =B912-C912 -> -0.011100648
C913: =1/1000*((Tableau!B913)^2+(Tableau!D913)^2)+'Puissance 0cm'!B913+'Puissance 0cm'!C913 -> 0.0069285416 | D913: =B913-C913 -> -0.0069285416
C914: =1/1000*((Tableau!B914)^2+(Tableau!D914)^2)+'Puissance 0cm'!B914+'Puissance 0cm'!C914 -> 0.003390603 | D914: =B914-C914 -> -0.003390603
C915: =1/1000*((Tableau!B915)^2+(Tableau!D915)^2)+'Puissance 0cm'!B915+'Puissance 0cm'!C915 -> 0.00083678208 | D915: =B915-C915 -> -0.00083678208
C916: =1/1000*((Tableau!B916)^2+(Tableau!D916)^2)+'Puissance 0cm'!B916+'Puissance 0cm'!C916 -> -0.00071115834 | D916: =B916-C916 -> 0.00071115834
C917: =1/1000*((Tableau!B917)^2+(Tableau!D917)^2)+'Puissance 0cm'!B917+'Puissance 0cm'!C917 -> -0.0012770833 | D917: =B917-C917 -> 0.0012770833
C918: =1/1000*((Tableau!B918)^2+(Tableau!D918)^2)+'Puissance 0cm'!B918+'Puissance 0cm'!C918 -> -0.00083870952 | D918: =B918-C918 -> 0.00083870952
... C995: =1/1000*((Tableau!B995)^2+(Tableau!D995)^2)+'Puissance 0cm'!B995+'Puissance 0cm'!C995 -> 0.13104873 | D995: =B995-C995 -> -0.13104873
C996: =1/1000*((Tableau!B996)^2+(Tableau!D996)^2)+'Puissance 0cm'!B996+'Puissance 0cm'!C996 -> 0.12968426
C997: =1/1000*((Tableau!B997)^2+(Tableau!D997)^2)+'Puissance 0cm'!B997+'Puissance 0cm'!C997 -> 0.12730275
C998: =1/1000*((Tableau!B998)^2+(Tableau!D998)^2)+'Puissance 0cm'!B998+'Puissance 0cm'!C998 -> 0.12396328
C999: =1/1000*((Tableau!B999)^2+(Tableau!D999)^2)+'Puissance 0cm'!B999+'Puissance 0cm'!C999 -> 0.11932568
C1000: =1/1000*((Tableau!B1000)^2+(Tableau!D1000)^2)+'Puissance 0cm'!B1000+'Puissance 0cm'!C1000 -> 0.114279

Sheet Graph 0cm

Sheet Puissance 0cm
A1: 1 borne bobine émettrice (u) 2 borne résistance émettrice (U2) 3 borne résistance réceptrice (U1) | B1: 50 khz | D1: 60 khz | F1: 70 khz | H1: 75 khz | J1: 80 khz | L1: 85 khz | O1: 90 khz | Q1: 95 khz | S1: 100 khz | U1: 110 khz | W1: 120 khz | Y1: 130 khz | AA1: 140 khz | AC1: 145 khz | AE1: 150 khz | AG1: 155 khz | AI1: 160 khz
A2: T(*100000000) | B2: Puissance émise | C2: Puissance recu | D2: Puissance émise | E2: Puissance recu | F2: Puissance émise | G2: Puissance recu | H2: Puissance émise | I2: Puissance recu | J2: Puissance émise | K2: Puissance recu | L2: Puissance émise | M2: Puissance recu | O2: Puissance émise | P2: Puissance recu | Q2: Puissance émise | R2: Puissance recu | S2: Puissance émise | T2: Puissance recu | U2: Puissance émise | V2: Puissance recu | W2: Puissance émise | X2: Puissance recu | Y2: Puissance émise | Z2: Puissance recu | AA2: Puissance émise | AB2: Puissance recu | AC2: Puissance émise | AD2: Puissance recu | AE2: Puissance émise | AF2: Puissance recu | AG2: Puissance émise | AH2: Puissance recu | AI2: Puissance émise | AJ2: Puissance recu
A3: 0 | B3: =Tableau!B3*Tableau!C3/1000 -> -0.013587765 | C3: =Tableau!D3*Tableau!D3/1000 -> 0.00031113415 | D3: =Tableau!E3*Tableau!F3/1000 -> -0.0082846789 | E3: =Tableau!G3*Tableau!G3/1000 -> 0.0012583679 | F3: =Tableau!H3*Tableau!I3/1000 -> -0.0040536736 | G3: =Tableau!J3*Tableau!J3/1000 -> 0.0015577786 | H3: =Tableau!K3*Tableau!L3/1000 -> 0.003687801 | I3: =Tableau!M3*Tableau!M3/1000 -> 0.0032836702 | J3: =Tableau!N3*Tableau!O3/1000 -> -0.0027549508 | K3: =Tableau!P3*Tableau!P3/1000 -> 0.0010926939 | L3: =Tableau!Q3*Tableau!R3/1000 -> 0.0030865118 | M3: =Tableau!S3*Tableau!S3/1000 -> 0.0047191045 | N3: =SUMPRODUCT(ABS(L3:L2050)) / COUNT(L3:L2050) -> 0.0027408336 | O3: =Tableau!T3*Tableau!U3/1000 -> 0.0012730288 | P3: =Tableau!V3*Tableau!V3/1000 -> 0.0044718292 | Q3: =Tableau!W3*Tableau!X3/1000 -> 0.0016552116 | R3: =Tableau!Y3*Tableau!Y3/1000 -> 0.0053536704 | S3: =Tableau!Z3*Tableau!AA3/1000 -> 0.00111071 | T3: =Tableau!AB3*Tableau!AB3/1000 -> 0.00531985 | U3: =Tableau!AC3*Tableau!AD3/1000 -> 0.00027807401 | V3: =Tableau!AE3*Tableau!AE3/1000 -> 0.0002989979 | W3: =Tableau!AF3*Tableau!AG3/1000 -> 0.0014786766 | X3: =Tableau!AH3*Tableau!AH3/1000 -> 0.0037132905 | Y3: =Tableau!AI3*Tableau!AJ3/1000 -> -0.0013937776 | Z3: =Tableau!AK3*Tableau!AK3/1000 -> 0.0026864849 | AA3: =Tableau!AL3*Tableau!AM3/1000 -> -0.0035111874 | AB3: =Tableau!AN3*Tableau!AN3/1000 -> 3.1446187e-06 | AC3: =Tableau!AO3*Tableau!AP3/1000 -> -0.003785303 | AD3: =Tableau!AQ3*Tableau!AQ3/1000 -> 0.0010045852 | AE3: =Tableau!AR3*Tableau!AS3/1000 -> -0.0056237676 | AF3: =Tableau!AT3*Tableau!AT3/1000 -> 3.2742772e-08 | AG3: =Tableau!AU3*Tableau!AV3/1000 -> 0.0068593328 | AH3: =Tableau!AW3*Tableau!AW3/1000 -> 0.0016458324 | AI3: =Tableau!AX3*Tableau!AY3/1000 -> 0.0017763525 | AJ3: =Tableau!AZ3*Tableau!AZ3/1000 -> 0.0011157908
A4: 19.5 | B4: =Tableau!B4*Tableau!C4/1000 -> -0.01377978 | C4: =Tableau!D4*Tableau!D4/1000 -> 0.00044210797 | D4: =Tableau!E4*Tableau!F4/1000 -> -0.0071773242 | E4: =Tableau!G4*Tableau!G4/1000 -> 0.0015486558 | F4: =Tableau!H4*Tableau!I4/1000 -> -0.0027290244 | G4: =Tableau!J4*Tableau!J4/1000 -> 0.0019423439 | H4: =Tableau!K4*Tableau!L4/1000 -> 0.0026205507 | I4: =Tableau!M4*Tableau!M4/1000 -> 0.00288042 | J4: =Tableau!N4*Tableau!O4/1000 -> -0.0018137314 | K4: =Tableau!P4*Tableau!P4/1000 -> 0.0015304906 | L4: =Tableau!Q4*Tableau!R4/1000 -> 0.0023713851 | M4: =Tableau!S4*Tableau!S4/1000 -> 0.0043927968 | O4: =Tableau!T4*Tableau!U4/1000 -> 0.00052976472 | P4: =Tableau!V4*Tableau!V4/1000 -> 0.0040284504 | Q4: =Tableau!W4*Tableau!X4/1000 -> 0.0012465365 | R4: =Tableau!Y4*Tableau!Y4/1000 -> 0.0051439147 | S4: =Tableau!Z4*Tableau!AA4/1000 -> 0.00089427619 | T4: =Tableau!AB4*Tableau!AB4/1000 -> 0.0053897337 | U4: =Tableau!AC4*Tableau!AD4/1000 -> 0.00012187999 | V4: =Tableau!AE4*Tableau!AE4/1000 -> 6.1219131e-05 | W4: =Tableau!AF4*Tableau!AG4/1000 -> 0.0018159876 | X4: =Tableau!AH4*Tableau!AH4/1000 -> 0.0032291371 | Y4: =Tableau!AI4*Tableau!AJ4/1000 -> -0.00032265083 | Z4: =Tableau!AK4*Tableau!AK4/1000 -> 0.0030506814 | AA4: =Tableau!AL4*Tableau!AM4/1000 -> -0.0045017482 | AB4: =Tableau!AN4*Tableau!AN4/1000 -> 4.5213218e-05 | AC4: =Tableau!AO4*Tableau!AP4/1000 -> -0.0020724619 | AD4: =Tableau!AQ4*Tableau!AQ4/1000 -> 0.001408423 | AE4: =Tableau!AR4*Tableau!AS4/1000 -> -0.0065225902 | AF4: =Tableau!AT4*Tableau!AT4/1000 -> 6.1219131e-05 | AG4: =Tableau!AU4*Tableau!AV4/1000 -> 0.0065660438 | AH4: =Tableau!AW4*Tableau!AW4/1000 -> 0.0014922088 | AI4: =Tableau!AX4*Tableau!AY4/1000 -> 0.0044017183 | AJ4: =Tableau!AZ4*Tableau!AZ4/1000 -> 0.0013186388
A5: 39 | B5: =Tableau!B5*Tableau!C5/1000 -> -0.013715975 | C5: =Tableau!D5*Tableau!D5/1000 -> 0.00057293394 | D5: =Tableau!E5*Tableau!F5/1000 -> -0.0059357494 | E5: =Tableau!G5*Tableau!G5/1000 -> 0.0018279851 | F5: =Tableau!H5*Tableau!I5/1000 -> -0.0015806314 | G5: =Tableau!J5*Tableau!J5/1000 -> 0.0023230332 | H5: =Tableau!K5*Tableau!L5/1000 -> 0.0014633342 | I5: =Tableau!M5*Tableau!M5/1000 -> 0.0024546116 | J5: =Tableau!N5*Tableau!O5/1000 -> -0.00081187208 | K5: =Tableau!P5*Tableau!P5/1000 -> 0.0019756551 | L5: =Tableau!Q5*Tableau!R5/1000 -> 0.0015726588 | M5: =Tableau!S5*Tableau!S5/1000 -> 0.0039534562 | N5: =SUMPRODUCT(ABS(M3:M2050)) / COUNT(M3:M2050) -> 0.0025844776 | O5: =Tableau!T5*Tableau!U5/1000 -> -0.00016892551 | P5: =Tableau!V5*Tableau!V5/1000 -> 0.0034943199 | Q5: =Tableau!W5*Tableau!X5/1000 -> 0.00077203287 | R5: =Tableau!Y5*Tableau!Y5/1000 -> 0.0048694366 | S5: =Tableau!Z5*Tableau!AA5/1000 -> 0.00060548157 | T5: =Tableau!AB5*Tableau!AB5/1000 -> 0.0052126826 | U5: =Tableau!AC5*Tableau!AD5/1000 -> 0.00021242435 | V5: =Tableau!AE5*Tableau!AE5/1000 -> 1.9111848e-06 | W5: =Tableau!AF5*Tableau!AG5/1000 -> 0.0019994466 | X5: =Tableau!AH5*Tableau!AH5/1000 -> 0.0026759725 | Y5: =Tableau!AI5*Tableau!AJ5/1000 -> 0.00079139637 | Z5: =Tableau!AK5*Tableau!AK5/1000 -> 0.003240648 | AA5: =Tableau!AL5*Tableau!AM5/1000 -> -0.0051010318 | AB5: =Tableau!AN5*Tableau!AN5/1000 -> 0.00023125327 | AC5: =Tableau!AO5*Tableau!AP5/1000 -> -0.00010665901 | AD5: =Tableau!AQ5*Tableau!AQ5/1000 -> 0.0017544592 | AE5: =Tableau!AR5*Tableau!AS5/1000 -> -0.0063955652 | AF5: =Tableau!AT5*Tableau!AT5/1000 -> 0.00023567724 | AG5: =Tableau!AU5*Tableau!AV5/1000 -> 0.0053304209 | AH5: =Tableau!AW5*Tableau!AW5/1000 -> 0.0012409514 | AI5: =Tableau!AX5*Tableau!AY5/1000 -> 0.006354438 | AJ5: =Tableau!AZ5*Tableau!AZ5/1000 -> 0.0014258509
A6: 58.5 | B6: =Tableau!B6*Tableau!C6/1000 -> -0.013405414 | C6: =Tableau!D6*Tableau!D6/1000 -> 0.00073396573 | D6: =Tableau!E6*Tableau!F6/1000 -> -0.0046720582 | E6: =Tableau!G6*Tableau!G6/1000 -> 0.0021290895 | F6: =Tableau!H6*Tableau!I6/1000 -> -0.00021814061 | G6: =Tableau!J6*Tableau!J6/1000 -> 0.0026864849 | H6: =Tableau!K6*Tableau!L6/1000 -> 0.00026389206 | I6: =Tableau!M6*Tableau!M6/1000 -> 0.0019756551 | J6: =Tableau!N6*Tableau!O6/1000 -> 0.00030665499 | K6: =Tableau!P6*Tableau!P6/1000 -> 0.0024546116 | L6: =Tableau!Q6*Tableau!R6/1000 -> 0.00072035277 | M6: =Tableau!S6*Tableau!S6/1000 -> 0.0034806126 | O6: =Tableau!T6*Tableau!U6/1000 -> -0.00090002408 | P6: =Tableau!V6*Tableau!V6/1000 -> 0.0029178447 | Q6: =Tableau!W6*Tableau!X6/1000 -> 0.00025608831 | R6: =Tableau!Y6*Tableau!Y6/1000 -> 0.0044389855 | S6: =Tableau!Z6*Tableau!AA6/1000 -> 0.00027773132 | T6: =Tableau!AB6*Tableau!AB6/1000 -> 0.0049363508 | U6: =Tableau!AC6*Tableau!AD6/1000 -> 3.8652553e-05 | V6: =Tableau!AE6*Tableau!AE6/1000 -> 0.00012279628 | W6: =Tableau!AF6*Tableau!AG6/1000 -> 0.0019213984 | X6: =Tableau!AH6*Tableau!AH6/1000 -> 0.0020405265 | Y6: =Tableau!AI6*Tableau!AJ6/1000 -> 0.0018009348 | Z6: =Tableau!AK6*Tableau!AK6/1000 -> 0.0032952778 | AA6: =Tableau!AL6*Tableau!AM6/1000 -> -0.005015181 | AB6: =Tableau!AN6*Tableau!AN6/1000 -> 0.00052744342 | AC6: =Tableau!AO6*Tableau!AP6/1000 -> 0.001823459 | AD6: =Tableau!AQ6*Tableau!AQ6/1000 -> 0.0020287729 | AE6: =Tableau!AR6*Tableau!AS6/1000 -> -0.0055935519 | AF6: =Tableau!AT6*Tableau!AT6/1000 -> 0.00053411395 | AG6: =Tableau!AU6*Tableau!AV6/1000 -> 0.0033418205 | AH6: =Tableau!AW6*Tableau!AW6/1000 -> 0.00092281384 | AI6: =Tableau!AX6*Tableau!AY6/1000 -> 0.0072772289 | AJ6: =Tableau!AZ6*Tableau!AZ6/1000 -> 0.0013900174
A7: 78 | B7: =Tableau!B7*Tableau!C7/1000 -> -0.013011064 | C7: =Tableau!D7*Tableau!D7/1000 -> 0.00092986292 | D7: =Tableau!E7*Tableau!F7/1000 -> -0.0031525223 | E7: =Tableau!G7*Tableau!G7/1000 -> 0.0023594496 | F7: =Tableau!H7*Tableau!I7/1000 -> 0.001158176 | G7: =Tableau!J7*Tableau!J7/1000 -> 0.0030235645 | H7: =Tableau!K7*Tableau!L7/1000 -> -0.00097492569 | I7: =Tableau!M7*Tableau!M7/1000 -> 0.0016073168 | J7: =Tableau!N7*Tableau!O7/1000 -> 0.0012515515 | K7: =Tableau!P7*Tableau!P7/1000 -> 0.0029586408 | L7: =Tableau!Q7*Tableau!R7/1000 -> -0.00017558949 | M7: =Tableau!S7*Tableau!S7/1000 -> 0.0029586408 | N7: =N5/N3 -> 0.9429531 | O7: =Tableau!T7*Tableau!U7/1000 -> -0.0015681212 | P7: =Tableau!V7*Tableau!V7/1000 -> 0.0023230332 | Q7: =Tableau!W7*Tableau!X7/1000 -> -0.00027369612 | R7: =Tableau!Y7*Tableau!Y7/1000 -> 0.0039370893 | S7: =Tableau!Z7*Tableau!AA7/1000 -> -5.7425415e-05 | T7: =Tableau!AB7*Tableau!AB7/1000 -> 0.0045359628 | U7: =Tableau!AC7*Tableau!AD7/1000 -> -4.3448243e-05 | V7: =Tableau!AE7*Tableau!AE7/1000 -> 0.00041219353 | W7: =Tableau!AF7*Tableau!AG7/1000 -> 0.0017812483 | X7: =Tableau!AH7*Tableau!AH7/1000 -> 0.0014368098 | Y7: =Tableau!AI7*Tableau!AJ7/1000 -> 0.0025837119 | Z7: =Tableau!AK7*Tableau!AK7/1000 -> 0.0031848685 | AA7: =Tableau!AL7*Tableau!AM7/1000 -> -0.0043965153 | AB7: =Tableau!AN7*Tableau!AN7/1000 -> 0.00092986292 | AC7: =Tableau!AO7*Tableau!AP7/1000 -> 0.0035097613 | AD7: =Tableau!AQ7*Tableau!AQ7/1000 -> 0.0021398131 | AE7: =Tableau!AR7*Tableau!AS7/1000 -> -0.0040157517 | AF7: =Tableau!AT7*Tableau!AT7/1000 -> 0.00086482746 | AG7: =Tableau!AU7*Tableau!AV7/1000 -> 0.00089645247 | AH7: =Tableau!AW7*Tableau!AW7/1000 -> 0.00061526767 | AI7: =Tableau!AX7*Tableau!AY7/1000 -> 0.0071156325 | AJ7: =Tableau!AZ7*Tableau!AZ7/1000 -> 0.0013186388
A8: 97.5 | B8: =Tableau!B8*Tableau!C8/1000 -> -0.01230982 | C8: =Tableau!D8*Tableau!D8/1000 -> 0.0011157908 | D8: =Tableau!E8*Tableau!F8/1000 -> -0.0015712595 | E8: =Tableau!G8*Tableau!G8/1000 -> 0.0026253073 | F8: =Tableau!H8*Tableau!I8/1000 -> 0.002519145 | G8: =Tableau!J8*Tableau!J8/1000 -> 0.0033520117 | H8: =Tableau!K8*Tableau!L8/1000 -> -0.0021477589 | I8: =Tableau!M8*Tableau!M8/1000 -> 0.0012075373 | J8: =Tableau!N8*Tableau!O8/1000 -> 0.0023412789 | K8: =Tableau!P8*Tableau!P8/1000 -> 0.0033957644 | L8: =Tableau!Q8*Tableau!R8/1000 -> -0.0010751972 | M8: =Tableau!S8*Tableau!S8/1000 -> 0.0025021861 | O8: =Tableau!T8*Tableau!U8/1000 -> -0.0020957215 | P8: =Tableau!V8*Tableau!V8/1000 -> 0.0017544592 | Q8: =Tableau!W8*Tableau!X8/1000 -> -0.00080813979 | R8: =Tableau!Y8*Tableau!Y8/1000 -> 0.0033235842 | S8: =Tableau!Z8*Tableau!AA8/1000 -> -0.00038716492 | T8: =Tableau!AB8*Tableau!AB8/1000 -> 0.0040284504 | U8: =Tableau!AC8*Tableau!AD8/1000 -> -0.00021127483 | V8: =Tableau!AE8*Tableau!AE8/1000 -> 0.00085718156 | W8: =Tableau!AF8*Tableau!AG8/1000 -> 0.0015370672 | X8: =Tableau!AH8*Tableau!AH8/1000 -> 0.00089401753 | Y8: =Tableau!AI8*Tableau!AJ8/1000 -> 0.003105888 | Z8: =Tableau!AK8*Tableau!AK8/1000 -> 0.0029178447 | AA8: =Tableau!AL8*Tableau!AM8/1000 -> -0.0032621869 | AB8: =Tableau!AN8*Tableau!AN8/1000 -> 0.0013717329 | AC8: =Tableau!AO8*Tableau!AP8/1000 -> 0.0047955289 | AD8: =Tableau!AQ8*Tableau!AQ8/1000 -> 0.002184218 | AE8: =Tableau!AR8*Tableau!AS8/1000 -> -0.0019514688 | AF8: =Tableau!AT8*Tableau!AT8/1000 -> 0.0012075373 | AG8: =Tableau!AU8*Tableau!AV8/1000 -> -0.0018363598 | AH8: =Tableau!AW8*Tableau!AW8/1000 -> 0.00033348084 | AI8: =Tableau!AX8*Tableau!AY8/1000 -> 0.0058535732 | AJ8: =Tableau!AZ8*Tableau!AZ8/1000 -> 0.0011313088
A9: 117 | B9: =Tableau!B9*Tableau!C9/1000 -> -0.011214458 | C9: =Tableau!D9*Tableau!D9/1000 -> 0.0013900174 | D9: =Tableau!E9*Tableau!F9/1000 -> -3.8311285e-05 | E9: =Tableau!G9*Tableau!G9/1000 -> 0.00288042 | F9: =Tableau!H9*Tableau!I9/1000 -> 0.0037479898 | G9: =Tableau!J9*Tableau!J9/1000 -> 0.0036675314 | H9: =Tableau!K9*Tableau!L9/1000 -> -0.0032185725 | I9: =Tableau!M9*Tableau!M9/1000 -> 0.00083695967 | J9: =Tableau!N9*Tableau!O9/1000 -> 0.0031976559 | K9: =Tableau!P9*Tableau!P9/1000 -> 0.0038324327 | L9: =Tableau!Q9*Tableau!R9/1000 -> -0.0018908496 | M9: =Tableau!S9*Tableau!S9/1000 -> 0.0018690444 | O9: =Tableau!T9*Tableau!U9/1000 -> -0.0026711886 | P9: =Tableau!V9*Tableau!V9/1000 -> 0.0012491415 | Q9: =Tableau!W9*Tableau!X9/1000 -> -0.0012557481 | R9: =Tableau!Y9*Tableau!Y9/1000 -> 0.0026864849 | S9: =Tableau!Z9*Tableau!AA9/1000 -> -0.00069187555 | T9: =Tableau!AB9*Tableau!AB9/1000 -> 0.0034075683 | U9: =Tableau!AC9*Tableau!AD9/1000 -> -0.00020142461 | V9: =Tableau!AE9*Tableau!AE9/1000 -> 0.0014258509 | W9: =Tableau!AF9*Tableau!AG9/1000 -> 0.0010349982 | X9: =Tableau!AH9*Tableau!AH9/1000 -> 0.00045869736 | Y9: =Tableau!AI9*Tableau!AJ9/1000 -> 0.003392918 | Z9: =Tableau!AK9*Tableau!AK9/1000 -> 0.0025137785 | AA9: =Tableau!AL9*Tableau!AM9/1000 -> -0.0017805792 | AB9: =Tableau!AN9*Tableau!AN9/1000 -> 0.0017751299 | AC9: =Tableau!AO9*Tableau!AP9/1000 -> 0.0053043776 | AD9: =Tableau!AQ9*Tableau!AQ9/1000 -> 0.0020720451 | AE9: =Tableau!AR9*Tableau!AS9/1000 -> 0.00035540292 | AF9: =Tableau!AT9*Tableau!AT9/1000 -> 0.0015112768 | AG9: =Tableau!AU9*Tableau!AV9/1000 -> -0.0041486459 | AH9: =Tableau!AW9*Tableau!AW9/1000 -> 0.00012602571 | AI9: =Tableau!AX9*Tableau!AY9/1000 -> 0.0035984804 | AJ9: =Tableau!AZ9*Tableau!AZ9/1000 -> 0.00081532412
A10: 136.5 | B10: =Tableau!B10*Tableau!C10/1000 -> -0.010404184 | C10: =Tableau!D10*Tableau!D10/1000 -> 0.0015000616 | D10: =Tableau!E10*Tableau!F10/1000 -> 0.0014992517 | E10: =Tableau!G10*Tableau!G10/1000 -> 0.0031457634 | F10: =Tableau!H10*Tableau!I10/1000 -> 0.0049082308 | G10: =Tableau!J10*Tableau!J10/1000 -> 0.003906236 | H10: =Tableau!K10*Tableau!L10/1000 -> -0.0041627549 | I10: =Tableau!M10*Tableau!M10/1000 -> 0.00054554916 | J10: =Tableau!N10*Tableau!O10/1000 -> 0.0040595977 | K10: =Tableau!P10*Tableau!P10/1000 -> 0.0042011471 | L10: =Tableau!Q10*Tableau!R10/1000 -> -0.0025786797 | M10: =Tableau!S10*Tableau!S10/1000 -> 0.001364224 | O10: =Tableau!T10*Tableau!U10/1000 -> -0.0029097367 | P10: =Tableau!V10*Tableau!V10/1000 -> 0.00078745746 | Q10: =Tableau!W10*Tableau!X10/1000 -> -0.0016987417 | R10: =Tableau!Y10*Tableau!Y10/1000 -> 0.0020945036 | S10: =Tableau!Z10*Tableau!AA10/1000 -> -0.00096511915 | T10: =Tableau!AB10*Tableau!AB10/1000 -> 0.0027377343 | U10: =Tableau!AC10*Tableau!AD10/1000 -> -0.00040885183 | V10: =Tableau!AE10*Tableau!AE10/1000 -> 0.0020287729 | W10: =Tableau!AF10*Tableau!AG10/1000 -> 0.00046770745 | X10: =Tableau!AH10*Tableau!AH10/1000 -> 0.00014280085 | Y10: =Tableau!AI10*Tableau!AJ10/1000 -> 0.0033130359 | Z10: =Tableau!AK10*Tableau!AK10/1000 -> 0.002051025 | AA10: =Tableau!AL10*Tableau!AM10/1000 -> -0.00013447855 | AB10: =Tableau!AN10*Tableau!AN10/1000 -> 0.0021398131 | AC10: =Tableau!AO10*Tableau!AP10/1000 -> 0.0052722925 | AD10: =Tableau!AQ10*Tableau!AQ10/1000 -> 0.0018366484 | AE10: =Tableau!AR10*Tableau!AS10/1000 -> 0.0025467661 | AF10: =Tableau!AT10*Tableau!AT10/1000 -> 0.0017861253 | AG10: =Tableau!AU10*Tableau!AV10/1000 -> -0.0060438061 | AH10: =Tableau!AW10*Tableau!AW10/1000 -> 1.2020053e-05 | AI10: =Tableau!AX10*Tableau!AY10/1000 -> 0.00072692918 | AJ10: =Tableau!AZ10*Tableau!AZ10/1000 -> 0.00058477527
A11: 156 | B11: =Tableau!B11*Tableau!C11/1000 -> -0.0092427357 | C11: =Tableau!D11*Tableau!D11/1000 -> 0.0017146593 | D11: =Tableau!E11*Tableau!F11/1000 -> 0.0030294533 | E11: =Tableau!G11*Tableau!G11/1000 -> 0.0033119268 | F11: =Tableau!H11*Tableau!I11/1000 -> 0.0060462145 | G11: =Tableau!J11*Tableau!J11/1000 -> 0.0040911535 | H11: =Tableau!K11*Tableau!L11/1000 -> -0.005027231 | I11: =Tableau!M11*Tableau!M11/1000 -> 0.00029054795 | J11: =Tableau!N11*Tableau!O11/1000 -> 0.0047250192 | K11: =Tableau!P11*Tableau!P11/1000 -> 0.0045223 | L11: =Tableau!Q11*Tableau!R11/1000 -> -0.0032023354 | M11: =Tableau!S11*Tableau!S11/1000 -> 0.00092281384 | O11: =Tableau!T11*Tableau!U11/1000 -> -0.0031562315 | P11: =Tableau!V11*Tableau!V11/1000 -> 0.00041219353 | Q11: =Tableau!W11*Tableau!X11/1000 -> -0.0019316736 | R11: =Tableau!Y11*Tableau!Y11/1000 -> 0.0014821602 | S11: =Tableau!Z11*Tableau!AA11/1000 -> -0.0010781722 | T11: =Tableau!AB11*Tableau!AB11/1000 -> 0.0021398131 | U11: =Tableau!AC11*Tableau!AD11/1000 -> -0.00030349285 | V11: =Tableau!AE11*Tableau!AE11/1000 -> 0.0026864849 | W11: =Tableau!AF11*Tableau!AG11/1000 -> -0.00013141922 | X11: =Tableau!AH11*Tableau!AH11/1000 -> 7.5251288e-06 | Y11: =Tableau!AI11*Tableau!AJ11/1000 -> 0.002692888 | Z11: =Tableau!AK11*Tableau!AK11/1000 -> 0.0015000616 | AA11: =Tableau!AL11*Tableau!AM11/1000 -> 0.0015360035 | AB11: =Tableau!AN11*Tableau!AN11/1000 -> 0.0023933328 | AC11: =Tableau!AO11*Tableau!AP11/1000 -> 0.0045412926 | AD11: =Tableau!AQ11*Tableau!AQ11/1000 -> 0.0015191795 | AE11: =Tableau!AR11*Tableau!AS11/1000 -> 0.0044518625 | AF11: =Tableau!AT11*Tableau!AT11/1000 -> 0.0019334346 | AG11: =Tableau!AU11*Tableau!AV11/1000 -> -0.0069417538 | AH11: =Tableau!AW11*Tableau!AW11/1000 -> 1.6487844e-05 | AI11: =Tableau!AX11*Tableau!AY11/1000 -> -0.0021681877 | AJ11: =Tableau!AZ11*Tableau!AZ11/1000 -> 0.00031113415
A12: 175.5 | B12: =Tableau!B12*Tableau!C12/1000 -> -0.0078686755 | C12: =Tableau!D12*Tableau!D12/1000 -> 0.0019207188 | D12: =Tableau!E12*Tableau!F12/1000 -> 0.0045991503 | E12: =Tableau!G12*Tableau!G12/1000 -> 0.0034806126 | F12: =Tableau!H12*Tableau!I12/1000 -> 0.006828526 | G12: =Tableau!J12*Tableau!J12/1000 -> 0.004278444 | H12: =Tableau!K12*Tableau!L12/1000 -> -0.0056321338 | I12: =Tableau!M12*Tableau!M12/1000 -> 0.00012056103 | J12: =Tableau!N12*Tableau!O12/1000 -> 0.0052617301 | K12: =Tableau!P12*Tableau!P12/1000 -> 0.0047529668 | L12: =Tableau!Q12*Tableau!R12/1000 -> -0.0037240984 | M12: =Tableau!S12*Tableau!S12/1000 -> 0.00054554916 | O12: =Tableau!T12*Tableau!U12/1000 -> -0.0031915998 | P12: =Tableau!V12*Tableau!V12/1000 -> 0.00015733757 | Q12: =Tableau!W12*Tableau!X12/1000 -> -0.0021432267 | R12: =Tableau!Y12*Tableau!Y12/1000 -> 0.00095922436 | S12: =Tableau!Z12*Tableau!AA12/1000 -> -0.0013042004 | T12: =Tableau!AB12*Tableau!AB12/1000 -> 0.0015000616 | U12: =Tableau!AC12*Tableau!AD12/1000 -> -0.00038826068 | V12: =Tableau!AE12*Tableau!AE12/1000 -> 0.0033235842 | W12: =Tableau!AF12*Tableau!AG12/1000 -> -0.00072439165 | X12: =Tableau!AH12*Tableau!AH12/1000 -> 4.8583654e-05 | Y12: =Tableau!AI12*Tableau!AJ12/1000 -> 0.0019965654 | Z12: =Tableau!AK12*Tableau!AK12/1000 -> 0.00098995535 | AA12: =Tableau!AL12*Tableau!AM12/1000 -> 0.0029493902 | AB12: =Tableau!AN12*Tableau!AN12/1000 -> 0.0024891688 | AC12: =Tableau!AO12*Tableau!AP12/1000 -> 0.0031319091 | AD12: =Tableau!AQ12*Tableau!AQ12/1000 -> 0.0011157908 | AE12: =Tableau!AR12*Tableau!AS12/1000 -> 0.00575443 | AF12: =Tableau!AT12*Tableau!AT12/1000 -> 0.0019118593 | AG12: =Tableau!AU12*Tableau!AV12/1000 -> -0.0070391081 | AH12: =Tableau!AW12*Tableau!AW12/1000 -> 0.00013970401 | AI12: =Tableau!AX12*Tableau!AY12/1000 -> -0.0048559996 | AJ12: =Tableau!AZ12*Tableau!AZ12/1000 -> 0.00011771692
A13: 195 | B13: =Tableau!B13*Tableau!C13/1000 -> -0.0063917792 | C13: =Tableau!D13*Tableau!D13/1000 -> 0.0020720451 | D13: =Tableau!E13*Tableau!F13/1000 -> 0.0061847794 | E13: =Tableau!G13*Tableau!G13/1000 -> 0.0036850945 | F13: =Tableau!H13*Tableau!I13/1000 -> 0.0075387595 | G13: =Tableau!J13*Tableau!J13/1000 -> 0.0043106895 | H13: =Tableau!K13*Tableau!L13/1000 -> -0.0061339906 | I13: =Tableau!M13*Tableau!M13/1000 -> 2.4153201e-05 | J13: =Tableau!N13*Tableau!O13/1000 -> 0.005513321 | K13: =Tableau!P13*Tableau!P13/1000 -> 0.0049567234 | L13: =Tableau!Q13*Tableau!R13/1000 -> -0.0039846688 | M13: =Tableau!S13*Tableau!S13/1000 -> 0.00025842379 | O13: =Tableau!T13*Tableau!U13/1000 -> -0.0030373362 | P13: =Tableau!V13*Tableau!V13/1000 -> 1.8422361e-05 | Q13: =Tableau!W13*Tableau!X13/1000 -> -0.0022316674 | R13: =Tableau!Y13*Tableau!Y13/1000 -> 0.00053880738 | S13: =Tableau!Z13*Tableau!AA13/1000 -> -0.0013350601 | T13: =Tableau!AB13*Tableau!AB13/1000 -> 0.00092986292 | U13: =Tableau!AC13*Tableau!AD13/1000 -> -0.00032944947 | V13: =Tableau!AE13*Tableau!AE13/1000 -> 0.003906236 | W13: =Tableau!AF13*Tableau!AG13/1000 -> -0.0011933768 | X13: =Tableau!AH13*Tableau!AH13/1000 -> 0.00026971507 | Y13: =Tableau!AI13*Tableau!AJ13/1000 -> 0.00089415871 | Z13: =Tableau!AK13*Tableau!AK13/1000 -> 0.00053880738 | AA13: =Tableau!AL13*Tableau!AM13/1000 -> 0.0040343224 | AB13: =Tableau!AN13*Tableau!AN13/1000 -> 0.0025137785 | AC13: =Tableau!AO13*Tableau!AP13/1000 -> 0.0013215651 | AD13: =Tableau!AQ13*Tableau!AQ13/1000 -> 0.00073396573 | AE13: =Tableau!AR13*Tableau!AS13/1000 -> 0.0061465694 | AF13: =Tableau!AT13*Tableau!AT13/1000 -> 0.0018490832 | AG13: =Tableau!AU13*Tableau!AV13/1000 -> -0.0060774602 | AH13: =Tableau!AW13*Tableau!AW13/1000 -> 0.00035550929 | AI13: =Tableau!AX13*Tableau!AY13/1000 -> -0.0068491466 | AJ13: =Tableau!AZ13*Tableau!AZ13/1000 -> 1.2732866e-05
A14: 214.5 | B14: =Tableau!B14*Tableau!C14/1000 -> -0.0047557951 | C14: =Tableau!D14*Tableau!D14/1000 -> 0.002299378 | D14: =Tableau!E14*Tableau!F14/1000 -> 0.0072704289 | E14: =Tableau!G14*Tableau!G14/1000 -> 0.003743335 | F14: =Tableau!H14*Tableau!I14/1000 -> 0.0079502013 | G14: =Tableau!J14*Tableau!J14/1000 -> 0.004343056 | H14: =Tableau!K14*Tableau!L14/1000 -> -0.0063170918 | I14: =Tableau!M14*Tableau!M14/1000 -> 2.6521676e-06 | J14: =Tableau!N14*Tableau!O14/1000 -> 0.0055434197 | K14: =Tableau!P14*Tableau!P14/1000 -> 0.0049567234 | L14: =Tableau!Q14*Tableau!R14/1000 -> -0.0041561376 | M14: =Tableau!S14*Tableau!S14/1000 -> 8.1726231e-05 | O14: =Tableau!T14*Tableau!U14/1000 -> -0.0029076205 | P14: =Tableau!V14*Tableau!V14/1000 -> 1.2020053e-05 | Q14: =Tableau!W14*Tableau!X14/1000 -> -0.0022235967 | R14: =Tableau!Y14*Tableau!Y14/1000 -> 0.00022382929 | S14: =Tableau!Z14*Tableau!AA14/1000 -> -0.0013624123 | T14: =Tableau!AB14*Tableau!AB14/1000 -> 0.00050573006 | U14: =Tableau!AC14*Tableau!AD14/1000 -> -0.00030597545 | V14: =Tableau!AE14*Tableau!AE14/1000 -> 0.0044718292 | W14: =Tableau!AF14*Tableau!AG14/1000 -> -0.0017427514 | X14: =Tableau!AH14*Tableau!AH14/1000 -> 0.00065762531 | Y14: =Tableau!AI14*Tableau!AJ14/1000 -> -0.00021359839 | Z14: =Tableau!AK14*Tableau!AK14/1000 -> 0.00021695287 | AA14: =Tableau!AL14*Tableau!AM14/1000 -> 0.0047060072 | AB14: =Tableau!AN14*Tableau!AN14/1000 -> 0.0023230332 | AC14: =Tableau!AO14*Tableau!AP14/1000 -> -0.00072728809 | AD14: =Tableau!AQ14*Tableau!AQ14/1000 -> 0.00039302492 | AE14: =Tableau!AR14*Tableau!AS14/1000 -> 0.0058985073 | AF14: =Tableau!AT14*Tableau!AT14/1000 -> 0.0015876252 | AG14: =Tableau!AU14*Tableau!AV14/1000 -> -0.0042174929 | AH14: =Tableau!AW14*Tableau!AW14/1000 -> 0.00066955761 | AI14: =Tableau!AX14*Tableau!AY14/1000 -> -0.0077406049 | AJ14: =Tableau!AZ14*Tableau!AZ14/1000 -> 1.2020053e-05
A15: 234 | B15: =Tableau!B15*Tableau!C15/1000 -> -0.0031397683 | C15: =Tableau!D15*Tableau!D15/1000 -> 0.0024646488 | D15: =Tableau!E15*Tableau!F15/1000 -> 0.0085006571 | E15: =Tableau!G15*Tableau!G15/1000 -> 0.0038324327 | F15: =Tableau!H15*Tableau!I15/1000 -> 0.008195796 | G15: =Tableau!J15*Tableau!J15/1000 -> 0.0043106895 | H15: =Tableau!K15*Tableau!L15/1000 -> -0.0062742852 | I15: =Tableau!M15*Tableau!M15/1000 -> 5.9197323e-05 | J15: =Tableau!N15*Tableau!O15/1000 -> 0.0055498431 | K15: =Tableau!P15*Tableau!P15/1000 -> 0.0049221416 | L15: =Tableau!Q15*Tableau!R15/1000 -> -0.0040084898 | M15: =Tableau!S15*Tableau!S15/1000 -> 2.3323877e-06 | O15: =Tableau!T15*Tableau!U15/1000 -> -0.0024612237 | P15: =Tableau!V15*Tableau!V15/1000 -> 0.00013697993 | Q15: =Tableau!W15*Tableau!X15/1000 -> -0.0020577127 | R15: =Tableau!Y15*Tableau!Y15/1000 -> 3.8836585e-05 | S15: =Tableau!Z15*Tableau!AA15/1000 -> -0.0011279027 | T15: =Tableau!AB15*Tableau!AB15/1000 -> 0.00019574873 | U15: =Tableau!AC15*Tableau!AD15/1000 -> -0.00022602535 | V15: =Tableau!AE15*Tableau!AE15/1000 -> 0.0047689388 | W15: =Tableau!AF15*Tableau!AG15/1000 -> -0.0019523157 | X15: =Tableau!AH15*Tableau!AH15/1000 -> 0.0011479194 | Y15: =Tableau!AI15*Tableau!AJ15/1000 -> -0.0012379169 | Z15: =Tableau!AK15*Tableau!AK15/1000 -> 3.3110897e-05 | AA15: =Tableau!AL15*Tableau!AM15/1000 -> 0.0046117468 | AB15: =Tableau!AN15*Tableau!AN15/1000 -> 0.0020066706 | AC15: =Tableau!AO15*Tableau!AP15/1000 -> -0.0024846034 | AD15: =Tableau!AQ15*Tableau!AQ15/1000 -> 0.00014523264 | AE15: =Tableau!AR15*Tableau!AS15/1000 -> 0.0046284174 | AF15: =Tableau!AT15*Tableau!AT15/1000 -> 0.0012935195 | AG15: =Tableau!AU15*Tableau!AV15/1000 -> -0.0018532269 | AH15: =Tableau!AW15*Tableau!AW15/1000 -> 0.00098995535 | AI15: =Tableau!AX15*Tableau!AY15/1000 -> -0.0074107269 | AJ15: =Tableau!AZ15*Tableau!AZ15/1000 -> 0.00016062301
A16: 253.5 | B16: =Tableau!B16*Tableau!C16/1000 -> -0.0013910356 | C16: =Tableau!D16*Tableau!D16/1000 -> 0.0026610418 | D16: =Tableau!E16*Tableau!F16/1000 -> 0.0095932834 | E16: =Tableau!G16*Tableau!G16/1000 -> 0.0038324327 | F16: =Tableau!H16*Tableau!I16/1000 -> 0.0082812649 | G16: =Tableau!J16*Tableau!J16/1000 -> 0.0041842748 | H16: =Tableau!K16*Tableau!L16/1000 -> -0.0060433514 | I16: =Tableau!M16*Tableau!M16/1000 -> 0.00020269535 | J16: =Tableau!N16*Tableau!O16/1000 -> 0.0051844509 | K16: =Tableau!P16*Tableau!P16/1000 -> 0.0048210985 | L16: =Tableau!Q16*Tableau!R16/1000 -> -0.003783132 | M16: =Tableau!S16*Tableau!S16/1000 -> 3.6003545e-05 | O16: =Tableau!T16*Tableau!U16/1000 -> -0.0018386577 | P16: =Tableau!V16*Tableau!V16/1000 -> 0.00037936976 | Q16: =Tableau!W16*Tableau!X16/1000 -> -0.0016597442 | R16: =Tableau!Y16*Tableau!Y16/1000 -> 5.0670622e-06 | S16: =Tableau!Z16*Tableau!AA16/1000 -> -0.0010497773 | T16: =Tableau!AB16*Tableau!AB16/1000 -> 2.5304856e-05 | U16: =Tableau!AC16*Tableau!AD16/1000 -> -0.00017860052 | V16: =Tableau!AE16*Tableau!AE16/1000 -> 0.0049363508 | W16: =Tableau!AF16*Tableau!AG16/1000 -> -0.0020471529 | X16: =Tableau!AH16*Tableau!AH16/1000 -> 0.0017146593 | Y16: =Tableau!AI16*Tableau!AJ16/1000 -> -0.0022699056 | Z16: =Tableau!AK16*Tableau!AK16/1000 -> 1.2020053e-05 | AA16: =Tableau!AL16*Tableau!AM16/1000 -> 0.0042114408 | AB16: =Tableau!AN16*Tableau!AN16/1000 -> 0.0016540789 | AC16: =Tableau!AO16*Tableau!AP16/1000 -> -0.0041272846 | AD16: =Tableau!AQ16*Tableau!AQ16/1000 -> 1.1037183e-05 | AE16: =Tableau!AR16*Tableau!AS16/1000 -> 0.0026998813 | AF16: =Tableau!AT16*Tableau!AT16/1000 -> 0.00093782568 | AG16: =Tableau!AU16*Tableau!AV16/1000 -> 0.0007464793 | AH16: =Tableau!AW16*Tableau!AW16/1000 -> 0.0012491415 | AI16: =Tableau!AX16*Tableau!AY16/1000 -> -0.0062865547 | AJ16: =Tableau!AZ16*Tableau!AZ16/1000 -> 0.00032455353
A17: 273 | B17: =Tableau!B17*Tableau!C17/1000 -> 0.00037636041 | C17: =Tableau!D17*Tableau!D17/1000 -> 0.0028140062 | D17: =Tableau!E17*Tableau!F17/1000 -> 0.010308238 | E17: =Tableau!G17*Tableau!G17/1000 -> 0.0038324327 | F17: =Tableau!H17*Tableau!I17/1000 -> 0.0080600374 | G17: =Tableau!J17*Tableau!J17/1000 -> 0.0040597414 | H17: =Tableau!K17*Tableau!L17/1000 -> -0.0056664931 | I17: =Tableau!M17*Tableau!M17/1000 -> 0.00040226165 | J17: =Tableau!N17*Tableau!O17/1000 -> 0.0046643533 | K17: =Tableau!P17*Tableau!P17/1000 -> 0.0045223 | L17: =Tableau!Q17*Tableau!R17/1000 -> -0.0033571128 | M17: =Tableau!S17*Tableau!S17/1000 -> 0.00018261007 | O17: =Tableau!T17*Tableau!U17/1000 -> -0.0012200333 | P17: =Tableau!V17*Tableau!V17/1000 -> 0.00072848444 | Q17: =Tableau!W17*Tableau!X17/1000 -> -0.0011774503 | R17: =Tableau!Y17*Tableau!Y17/1000 -> 0.00011521748 | S17: =Tableau!Z17*Tableau!AA17/1000 -> -0.00077570261 | T17: =Tableau!AB17*Tableau!AB17/1000 -> 1.5560816e-05 | U17: =Tableau!AC17*Tableau!AD17/1000 -> -6.2514918e-05 | V17: =Tableau!AE17*Tableau!AE17/1000 -> 0.0049363508 | W17: =Tableau!AF17*Tableau!AG17/1000 -> -0.0020056655 | X17: =Tableau!AH17*Tableau!AH17/1000 -> 0.0023230332 | Y17: =Tableau!AI17*Tableau!AJ17/1000 -> -0.0030632765 | Z17: =Tableau!AK17*Tableau!AK17/1000 -> 0.00016062301 | AA17: =Tableau!AL17*Tableau!AM17/1000 -> 0.0030865808 | AB17: =Tableau!AN17*Tableau!AN17/1000 -> 0.0012317892 | AC17: =Tableau!AO17*Tableau!AP17/1000 -> -0.0053172039 | AD17: =Tableau!AQ17*Tableau!AQ17/1000 -> 2.4153201e-05 | AE17: =Tableau!AR17*Tableau!AS17/1000 -> 0.00055460394 | AF17: =Tableau!AT17*Tableau!AT17/1000 -> 0.00060311999 | AG17: =Tableau!AU17*Tableau!AV17/1000 -> 0.0031810899 | AH17: =Tableau!AW17*Tableau!AW17/1000 -> 0.0015000616 | AI17: =Tableau!AX17*Tableau!AY17/1000 -> -0.0040680958 | AJ17: =Tableau!AZ17*Tableau!AZ17/1000 -> 0.00059179787
A18: 292.5 | B18: =Tableau!B18*Tableau!C18/1000 -> 0.002073012 | C18: =Tableau!D18*Tableau!D18/1000 -> 0.0028913262 | D18: =Tableau!E18*Tableau!F18/1000 -> 0.010867158 | E18: =Tableau!G18*Tableau!G18/1000 -> 0.0037735005 | F18: =Tableau!H18*Tableau!I18/1000 -> 0.0076232311 | G18: =Tableau!J18*Tableau!J18/1000 -> 0.0037859431 | H18: =Tableau!K18*Tableau!L18/1000 -> -0.0050706726 | I18: =Tableau!M18*Tableau!M18/1000 -> 0.00066955761 | J18: =Tableau!N18*Tableau!O18/1000 -> 0.0040246036 | K18: =Tableau!P18*Tableau!P18/1000 -> 0.004265175 | L18: =Tableau!Q18*Tableau!R18/1000 -> -0.0027417344 | M18: =Tableau!S18*Tableau!S18/1000 -> 0.00043242198 | O18: =Tableau!T18*Tableau!U18/1000 -> -0.00046933682 | P18: =Tableau!V18*Tableau!V18/1000 -> 0.0011735606 | Q18: =Tableau!W18*Tableau!X18/1000 -> -0.0009677966 | R18: =Tableau!Y18*Tableau!Y18/1000 -> 0.00036043933 | S18: =Tableau!Z18*Tableau!AA18/1000 -> -0.00054852953 | T18: =Tableau!AB18*Tableau!AB18/1000 -> 0.00017334066 | U18: =Tableau!AC18*Tableau!AD18/1000 -> 3.7550778e-05 | V18: =Tableau!AE18*Tableau!AE18/1000 -> 0.0047012213 | W18: =Tableau!AF18*Tableau!AG18/1000 -> -0.0017848613 | X18: =Tableau!AH18*Tableau!AH18/1000 -> 0.0029178447 | Y18: =Tableau!AI18*Tableau!AJ18/1000 -> -0.0034904522 | Z18: =Tableau!AK18*Tableau!AK18/1000 -> 0.00045869736 | AA18: =Tableau!AL18*Tableau!AM18/1000 -> 0.001645342 | AB18: =Tableau!AN18*Tableau!AN18/1000 -> 0.00081532412 | AC18: =Tableau!AO18*Tableau!AP18/1000 -> -0.0058754455 | AD18: =Tableau!AQ18*Tableau!AQ18/1000 -> 0.00016692127 | AE18: =Tableau!AR18*Tableau!AS18/1000 -> -0.001837647 | AF18: =Tableau!AT18*Tableau!AT18/1000 -> 0.0002989979 | AG18: =Tableau!AU18*Tableau!AV18/1000 -> 0.0051943509 | AH18: =Tableau!AW18*Tableau!AW18/1000 -> 0.0016352783 | AI18: =Tableau!AX18*Tableau!AY18/1000 -> -0.0012527593 | AJ18: =Tableau!AZ18*Tableau!AZ18/1000 -> 0.00087936193
A19: 312 | B19: =Tableau!B19*Tableau!C19/1000 -> 0.0039300568 | C19: =Tableau!D19*Tableau!D19/1000 -> 0.0031036926 | D19: =Tableau!E19*Tableau!F19/1000 -> 0.01125595 | E19: =Tableau!G19*Tableau!G19/1000 -> 0.0036850945 | F19: =Tableau!H19*Tableau!I19/1000 -> 0.0069593795 | G19: =Tableau!J19*Tableau!J19/1000 -> 0.003551001 | H19: =Tableau!K19*Tableau!L19/1000 -> -0.0042646191 | I19: =Tableau!M19*Tableau!M19/1000 -> 0.0010045852 | J19: =Tableau!N19*Tableau!O19/1000 -> 0.0031767124 | K19: =Tableau!P19*Tableau!P19/1000 -> 0.003924361 | L19: =Tableau!Q19*Tableau!R19/1000 -> -0.0021071674 | M19: =Tableau!S19*Tableau!S19/1000 -> 0.00076087589 | O19: =Tableau!T19*Tableau!U19/1000 -> 0.00013178226 | P19: =Tableau!V19*Tableau!V19/1000 -> 0.0017050875 | Q19: =Tableau!W19*Tableau!X19/1000 -> -0.00029985922 | R19: =Tableau!Y19*Tableau!Y19/1000 -> 0.00074182908 | S19: =Tableau!Z19*Tableau!AA19/1000 -> -0.00021359839 | T19: =Tableau!AB19*Tableau!AB19/1000 -> 0.00046867168 | U19: =Tableau!AC19*Tableau!AD19/1000 -> 0.00012036236 | V19: =Tableau!AE19*Tableau!AE19/1000 -> 0.0043736612 | W19: =Tableau!AF19*Tableau!AG19/1000 -> -0.0013407052 | X19: =Tableau!AH19*Tableau!AH19/1000 -> 0.003436352 | Y19: =Tableau!AI19*Tableau!AJ19/1000 -> -0.0037433608 | Z19: =Tableau!AK19*Tableau!AK19/1000 -> 0.00086482746 | AA19: =Tableau!AL19*Tableau!AM19/1000 -> 4.3688709e-05 | AB19: =Tableau!AN19*Tableau!AN19/1000 -> 0.00044210797 | AC19: =Tableau!AO19*Tableau!AP19/1000 -> -0.0057019757 | AD19: =Tableau!AQ19*Tableau!AQ19/1000 -> 0.00042761791 | AE19: =Tableau!AR19*Tableau!AS19/1000 -> -0.0038256672 | AF19: =Tableau!AT19*Tableau!AT19/1000 -> 9.5336443e-05 | AG19: =Tableau!AU19*Tableau!AV19/1000 -> 0.0064925707 | AH19: =Tableau!AW19*Tableau!AW19/1000 -> 0.0016352783 | AI19: =Tableau!AX19*Tableau!AY19/1000 -> 0.0016617989 | AJ19: =Tableau!AZ19*Tableau!AZ19/1000 -> 0.0011410726
... A2050: 39916.5 | B2050: =Tableau!B2050*Tableau!C2050/1000 -> -0.010440795 | C2050: =Tableau!D2050*Tableau!D2050/1000 -> 1.1037183e-05 | D2050: =Tableau!E2050*Tableau!F2050/1000 -> -0.010485609 | E2050: =Tableau!G2050*Tableau!G2050/1000 -> 0.00033348315 | F2050: =Tableau!H2050*Tableau!I2050/1000 -> -0.0073394369 | G2050: =Tableau!J2050*Tableau!J2050/1000 -> 0.00031987621 | H2050: =Tableau!K2050*Tableau!L2050/1000 -> 0.0066012007 | I2050: =Tableau!M2050*Tableau!M2050/1000 -> 0.0045223 | J2050: =Tableau!N2050*Tableau!O2050/1000 -> -0.0052696616 | K2050: =Tableau!P2050*Tableau!P2050/1000 -> 2.4153201e-05 | L2050: =Tableau!Q2050*Tableau!R2050/1000 -> 0.0044193546 | M2050: =Tableau!S2050*Tableau!S2050/1000 -> 0.0051294096 | O2050: =Tableau!T2050*Tableau!U2050/1000 -> 0.0033321289 | P2050: =Tableau!V2050*Tableau!V2050/1000 -> 0.0052840217 | Q2050: =Tableau!W2050*Tableau!X2050/1000 -> 0.0022746895 | R2050: =Tableau!Y2050*Tableau!Y2050/1000 -> 0.0045359628 | S2050: =Tableau!Z2050*Tableau!AA2050/1000 -> 0.0013386153 | T2050: =Tableau!AB2050*Tableau!AB2050/1000 -> 0.0035804208 | U2050: =Tableau!AC2050*Tableau!AD2050/1000 -> 0.00045794171 | V2050: =Tableau!AE2050*Tableau!AE2050/1000 -> 0.0026759725 | W2050: =Tableau!AF2050*Tableau!AG2050/1000 -> -0.00085002683 | X2050: =Tableau!AH2050*Tableau!AH2050/1000 -> 0.003924361 | Y2050: =Tableau!AI2050*Tableau!AJ2050/1000 -> -0.0036398949 | Z2050: =Tableau!AK2050*Tableau!AK2050/1000 -> 0.00060882127 | AA2050: =Tableau!AL2050*Tableau!AM2050/1000 -> 0.0030839799 | AB2050: =Tableau!AN2050*Tableau!AN2050/1000 -> 0.0012583679 | AC2050: =Tableau!AO2050*Tableau!AP2050/1000 -> -0.004619046 | AD2050: =Tableau!AQ2050*Tableau!AQ2050/1000 -> 3.1061243e-07 | AE2050: =Tableau!AR2050*Tableau!AS2050/1000 -> 0.0030957776 | AF2050: =Tableau!AT2050*Tableau!AT2050/1000 -> 0.00098995535 | AG2050: =Tableau!AU2050*Tableau!AV2050/1000 -> -0.0012041884 | AH2050: =Tableau!AW2050*Tableau!AW2050/1000 -> 0.0010926939 | AI2050: =Tableau!AX2050*Tableau!AY2050/1000 -> -0.0075710556 | AJ2050: =Tableau!AZ2050*Tableau!AZ2050/1000 -> 7.5062849e-05

Sheet Graph Puissance 0cm

Sheet Puissance moyenne
A1: 1 borne bobine émettrice (u) 2 borne résistance émettrice (U2) 3 borne résistance réceptrice (U1) | B1: 50 khz | C1: 50 khz | D1: 60 khz | E1: 60 khz | F1: 70 khz | G1: 70 khz | H1: 75 khz | I1: 75 khz | J1: 80 khz | K1: 80 khz | L1: 85 khz | M1: 85 khz | N1: 90 khz | O1: 90 khz | P1: 95 khz | Q1: 95 khz | R1: 100 khz | S1: 100 khz | T1: 110 khz | U1: 110 khz | V1: 120 khz | W1: 120 khz | X1: 130 khz | Y1: 130 khz | Z1: 140 khz | AA1: 140 khz | AB1: 145 khz | AC1: 145 khz | AD1: 150 khz | AE1: 150 khz | AF1: 155 khz | AG1: 155 khz | AH1: 160 khz | AI1: 160 khz
B2: =SUM('Puissance 0cm'!B3:B2050)/2047 -> 0.0007047127 | C2: =SUM('Puissance 0cm'!C3:C2050)/2047 -> 0.0016526292 | D2: =SUM('Puissance 0cm'!D3:D2050)/2047 -> 0.00048285673 | E2: =SUM('Puissance 0cm'!E3:E2050)/2047 -> 0.0019104131 | F2: =SUM('Puissance 0cm'!F3:F2050)/2047 -> 0.00031796949 | G2: =SUM('Puissance 0cm'!G3:G2050)/2047 -> 0.0021944923 | H2: =SUM('Puissance 0cm'!H3:H2050)/2047 -> 0.00024022851 | I2: =SUM('Puissance 0cm'!I3:I2050)/2047 -> 0.0023349966 | ... M2: =SUM('Puissance 0cm'!M3:M2050)/2047 -> 0.0025857401 | N2: =SUM('Puissance 0cm'!O3:O2050)/2047 -> 0.00011189454 | O2: =SUM('Puissance 0cm'!P3:P2050)/2047 -> 0.0026702913 | P2: =SUM('Puissance 0cm'!Q3:Q2050)/2047 -> 7.9687036e-05 | Q2: =SUM('Puissance 0cm'!R3:R2050)/2047 -> 0.0027084645 | R2: =SUM('Puissance 0cm'!S3:S2050)/2047 -> 4.9851886e-05 | S2: =SUM('Puissance 0cm'!T3:T2050)/2047 -> 0.0026917846 | T2: =SUM('Puissance 0cm'!U3:U2050)/2047 -> -1.2019363e-05 | U2: =SUM('Puissance 0cm'!V3:V2050)/2047 -> 0.0024846459 | ... AI2: =SUM('Puissance 0cm'!AJ3:AJ2050)/2047 -> 0.00072824146

Sheet 2cm
B1: 50 khz | E1: 60 khz | H1: 70 khz | K1: 75 khz | N1: 80 khz | Q1: 85 khz | T1: 90 khz | W1: 95 khz | Z1: 100 khz | AC1: 110 khz | AF1: 120 khz | AI1: 130 khz | AL1: 140 khz | AO1: 145 khz | AR1: 150 khz | AU1: 155 khz | AX1: 160 khz
A2: T(*100000000) | B2: U | C2: U2 | D2: U1 | E2: U | F2: U2 | G2: U1 | H2: U | I2: U2 | J2: U1 | K2: U | L2: U2 | M2: U1 | N2: U | O2: U2 | P2: U1 | Q2: U | R2: U2 | S2: U1 | T2: U | U2: U2 | V2: U1 | W2: U | X2: U2 | Y2: U1 | Z2: U | AA2: U2 | AB2: U1 | AC2: U | AD2: U2 | AE2: U1 | AF2: U | AG2: U2 | AH2: U1 | AI2: U | AJ2: U2 | AK2: U1 | AL2: U | AM2: U2 | AN2: U1 | AO2: U | AP2: U2 | AQ2: U1 | AR2: U | AS2: U2 | AT2: U1 | AU2: U | AV2: U2 | AW2: U1 | AX2: U | AY2: U2 | AZ2: U1
A3: 0 | B3: -7.89906 | C3: -1.89769 | D3: -0.9794 | E3: 9.14191 | F3: -1.09247 | G3: 0.523461 | H3: 6.71069 | I3: 1.14694 | J3: 1.19089 | K3: -9.90089 | L3: 0.548638 | M3: -0.435111 | N3: 10.1618 | O3: 0.418173 | P3: 1.25223 | Q3: -2.12428 | R3: -0.747311 | S3: -1.20188
A4: 19.5 | B4: -7.40055 | C4: -2.02037 | D4: -0.94873 | E4: 9.60975 | F4: -0.969787 | G4: 0.58526 | H4: 5.92103 | I4: 1.20829 | J4: 1.15244 | K4: -10.361 | L4: 0.448844 | M4: -0.550011 | N4: 9.62531 | O4: 0.502403 | P4: 1.29068 | Q4: -0.943236 | R4: -0.762875 | S4: -1.13275
A5: 39 | B5: -6.88693 | C5: -2.10506 | D5: -0.918059 | E5: 9.99336 | F5: -0.839322 | G5: 0.661707 | H5: 5.06958 | I5: 1.26963 | J5: 1.12177 | K5: -10.7212 | L5: 0.34905 | M5: -0.649805 | N5: 9.00412 | O5: 0.571527 | P5: 1.32136 | Q5: 0.214923 | R5: -0.762875 | S5: -1.05631
A6: 58.5 | B6: -6.34997 | C6: -2.20485 | D6: -0.887388 | E6: 10.3463 | F6: -0.71664 | G6: 0.730831 | H6: 4.18013 | I6: 1.3154 | J6: 1.07599 | K6: -10.9973 | L6: 0.241932 | M6: -0.749599 | N6: 8.28313 | O6: 0.648432 | P6: 1.33646 | Q6: 1.39597 | R6: -0.755093 | S6: -0.956512
A7: 78 | B7: -5.77455 | C7: -2.28908 | D7: -0.848936 | E7: 10.6297 | F7: -0.563287 | G7: 0.792172 | H7: 3.27512 | I7: 1.36164 | J7: 1.00687 | K7: -11.174 | L7: 0.142138 | M7: -0.833829 | N7: 7.49302 | O7: 0.717098 | P7: 1.32914 | Q7: 2.54635 | R7: -0.755093 | S7: -0.856718
A8: 97.5 | B8: -5.18402 | C8: -2.35821 | D8: -0.803159 | E8: 10.8599 | F8: -0.417716 | G8: 0.861295 | H8: 2.34722 | I8: 1.38453 | J8: 0.937743 | K8: -11.2582 | L8: 0.0194553 | M8: -0.925841 | N8: 6.62646 | O8: 0.771115 | P8: 1.32914 | Q8: 3.67384 | R8: -0.724422 | S8: -0.741817
A9: 117 | B9: -4.58618 | C9: -2.42687 | D9: -0.764706 | E9: 11.0288 | F9: -0.287251 | G9: 0.907073 | H9: 1.39597 | I9: 1.40009 | J9: 0.876402 | K9: -11.2582 | L9: -0.0803388 | M9: -1.00229 | N9: 5.69856 | O9: 0.824674 | P9: 1.30579 | Q9: 4.77798 | R9: -0.693751 | S9: -0.611353
A10: 136.5 | B10: -3.9572 | C10: -2.47311 | D10: -0.711147 | E10: 11.1437 | F10: -0.149462 | G10: 0.953307 | H10: 0.4374 | I10: 1.4152 | J10: 0.78439 | K10: -11.1584 | L10: -0.172351 | M10: -1.07141 | N10: 4.71664 | O10: 0.870909 | P10: 1.27512 | Q10: 5.82124 | R10: -0.663081 | S10: -0.480888
A11: 156 | B11: -3.31266 | C11: -2.51888 | D11: -0.672694 | E11: 11.1973 | F11: -0.0112154 | G11: 0.999084 | H11: -0.536736 | I11: 1.40742 | J11: 0.707942 | K11: -10.9666 | L11: -0.295033 | M11: -1.14054 | N11: 3.68162 | O11: 0.908904 | P11: 1.22156 | Q11: 6.79538 | R11: -0.617304 | S11: -0.350423
A12: 175.5 | B12: -2.65347 | C12: -2.55734 | D12: -0.619135 | E12: 11.1895 | F12: 0.119249 | G12: 1.04532 | H12: -1.49531 | I12: 1.39231 | J12: 0.61593 | K12: -10.6754 | L12: -0.402609 | M12: -1.18677 | N12: 2.62325 | O12: 0.924468 | P12: 1.15244 | Q12: 7.70039 | R12: -0.563287 | S12: -0.19707
A13: 195 | B13: -1.99382 | C13: -2.58801 | D13: -0.557794 | E13: 11.1209 | F13: 0.280385 | G13: 1.07599 | H13: -2.43099 | I13: 1.37675 | J13: 0.516136 | K13: -10.3074 | L13: -0.486839 | M13: -1.23255 | N13: 1.51865 | O13: 0.947356 | P13: 1.0911 | Q13: 8.52071 | R13: -0.501946 | S13: -0.0670634
A14: 214.5 | B14: -1.31907 | C14: -2.61135 | D14: -0.511559 | E14: 10.9904 | F14: 0.425956 | G14: 1.11398 | H14: -3.374 | I14: 1.34607 | J14: 0.416342 | K14: -9.83177 | L14: -0.586633 | M14: -1.24811 | N14: 0.429618 | O14: 0.955138 | P14: 1.00687 | Q14: 9.2417 | R14: -0.456168 | S14: 0.0711833
... A2050: 39916.5 | B2050: -9.63218 | C2050: -1.38407 | D2050: -1.05631 | E2050: 6.71847 | F2050: -1.53742 | G2050: 0.178759 | H2050: 9.50996 | I2050: 0.771115 | J2050: 1.25223 | K2050: -7.09384 | L2050: 0.901579 | M2050: 0.0634012 | N2050: 11.2893 | O2050: 0.0272374 | P2050: 0.960632 | Q2050: -6.69512 | R2050: -0.609522 | S2050: -1.36301
